cluster,fs,bytes,n_tasks,n_nodes,n_files,write_mean_rate,write_sd_rate,write_mean_time,write_sd_time,stat_mean_rate,stat_sd_rate,stat_mean_time,stat_sd_time,read_mean_rate,read_sd_rate,read_mean_time,read_sd_time,removal_mean_rate,removal_sd_rate,removal_mean_time,removal_sd_time
claix18,beeond,1,1,1,1000,2919.653,176.959,0.344,0.021,18482.036,1497.336,0.054,0.004,3582.917,532.728,0.284,0.037,7968.644,321.373,0.126,0.005
claix18,beeond,2,1,1,1000,3033.932,170.570,0.330,0.018,23689.959,2282.281,0.042,0.004,3789.215,445.802,0.267,0.029,8305.399,333.339,0.121,0.005
claix18,beeond,4,1,1,1000,2910.338,166.689,0.344,0.019,21182.419,2795.061,0.048,0.007,3454.975,200.115,0.290,0.017,8217.814,183.955,0.122,0.003
claix18,beeond,8,1,1,1000,2981.309,171.699,0.336,0.019,23473.840,1394.409,0.043,0.003,3826.212,398.255,0.264,0.027,8749.001,167.006,0.114,0.002
claix18,beeond,16,1,1,1000,2895.392,155.457,0.346,0.018,20958.366,891.875,0.048,0.002,3738.937,445.403,0.271,0.033,8322.021,217.581,0.120,0.003
claix18,beeond,32,1,1,1000,2726.418,169.154,0.368,0.022,16683.359,2050.447,0.061,0.008,3438.331,373.736,0.294,0.032,8112.710,247.591,0.123,0.004
claix18,beeond,64,1,1,1000,2638.100,219.624,0.382,0.035,13242.756,1436.480,0.076,0.008,3064.662,300.139,0.329,0.035,7582.921,868.917,0.134,0.020
claix18,beeond,128,1,1,1000,2458.582,329.404,0.414,0.061,12936.474,1703.362,0.079,0.011,2759.708,287.442,0.366,0.039,7460.136,410.282,0.134,0.007
claix18,beeond,256,1,1,1000,2834.530,192.202,0.354,0.024,16900.218,2168.656,0.060,0.007,3091.291,336.908,0.327,0.032,7928.435,214.662,0.126,0.003
claix18,beeond,512,1,1,1000,2648.017,160.451,0.379,0.025,15300.879,867.076,0.066,0.004,2682.011,259.226,0.376,0.036,8205.045,127.449,0.122,0.002
claix18,beeond,1024,1,1,1000,2643.332,205.573,0.380,0.031,14144.170,1698.222,0.071,0.008,2725.068,269.986,0.370,0.036,8140.413,188.222,0.123,0.003
claix18,beeond,2048,1,1,1000,2751.390,164.066,0.364,0.022,16314.378,1634.429,0.062,0.005,2983.062,299.567,0.339,0.036,7915.587,184.608,0.127,0.003
claix18,beeond,4096,1,1,1000,2768.526,168.262,0.362,0.022,18196.136,3251.302,0.057,0.010,3049.361,436.095,0.333,0.042,8143.195,178.916,0.123,0.003
claix18,beeond,8912,1,1,1000,2850.687,120.821,0.351,0.014,18079.256,1710.549,0.056,0.005,3209.269,219.799,0.313,0.021,8165.956,193.900,0.122,0.003
claix18,beeond,16384,1,1,1000,2666.391,117.476,0.376,0.017,18950.243,1070.615,0.053,0.003,3154.095,176.432,0.318,0.017,8104.278,297.893,0.124,0.005
claix18,beeond,32768,1,1,1000,2548.649,159.797,0.394,0.024,18803.255,1491.900,0.054,0.004,2934.119,251.474,0.343,0.030,8112.159,209.797,0.123,0.003
claix18,beeond,65536,1,1,1000,2409.934,133.743,0.416,0.024,18253.680,2367.645,0.056,0.007,2643.223,178.597,0.380,0.026,7891.883,305.231,0.127,0.005
claix18,beeond,131072,1,1,1000,2291.556,121.283,0.438,0.025,15898.184,1364.133,0.063,0.006,2399.079,112.730,0.418,0.019,7889.382,141.007,0.127,0.003
claix18,beeond,262144,1,1,1000,1942.142,50.389,0.515,0.013,20939.303,1103.566,0.048,0.003,1904.738,90.580,0.526,0.026,7769.569,194.780,0.129,0.003
claix18,beeond,524288,1,1,1000,1507.452,46.898,0.664,0.020,19817.708,1282.348,0.051,0.003,1354.496,53.098,0.739,0.029,7609.798,162.823,0.132,0.003
claix18,beeond,1048576,1,1,1000,951.416,31.009,1.052,0.034,18187.038,1527.041,0.055,0.005,853.853,31.992,1.173,0.045,7916.178,357.800,0.127,0.006
claix18,beeond,2097152,1,1,1000,556.528,16.039,1.798,0.053,21629.923,2356.674,0.047,0.006,475.209,10.412,2.105,0.046,7416.710,606.523,0.136,0.012
claix18,beeond,4194304,1,1,1000,315.316,10.680,3.175,0.109,19259.577,5481.554,0.060,0.031,260.618,8.193,3.841,0.122,5283.749,449.086,0.191,0.016
claix18,beeond,8388608,1,1,1000,160.730,10.034,6.245,0.412,18124.825,5078.426,0.062,0.028,131.931,5.309,7.592,0.333,3763.815,598.455,0.272,0.043
claix18,beeond,16777216,1,1,1000,82.811,8.051,12.188,1.288,17359.142,4057.263,0.061,0.019,67.982,7.553,14.934,2.254,2527.141,417.084,0.405,0.065
claix18,beeond,33554432,1,1,1000,41.687,3.054,24.110,1.857,16438.586,5954.222,0.069,0.027,34.842,2.603,28.861,2.386,1347.787,120.943,0.747,0.061
claix18,beeond,67108864,1,1,1000,21.199,1.252,47.317,2.752,23386.281,4332.775,0.045,0.014,18.264,0.701,54.825,2.076,626.365,42.954,1.603,0.109
claix18,beeond,134217728,1,1,1000,6.279,0.110,159.297,2.780,24685.640,1055.532,0.041,0.002,5.564,2.547,208.293,69.841,312.853,44.868,3.249,0.409
claix18,beeond,268435456,1,1,1000,2.293,0.028,436.228,5.235,24123.028,984.485,0.041,0.002,1.801,0.286,570.043,103.563,221.525,31.455,4.581,0.529
claix18,beeond,1,2,2,1000,2921.046,238.477,0.689,0.057,25043.559,4920.808,0.082,0.014,3806.008,425.542,0.531,0.057,9667.116,587.484,0.208,0.013
claix18,beeond,2,2,2,1000,2547.421,185.819,0.789,0.055,19745.109,2353.279,0.102,0.011,3306.326,189.674,0.607,0.032,9262.612,196.547,0.216,0.005
claix18,beeond,4,2,2,1000,2468.680,133.930,0.812,0.041,18906.626,1111.701,0.106,0.006,3201.788,97.360,0.625,0.019,9106.846,150.951,0.220,0.004
claix18,beeond,8,2,2,1000,2456.213,97.656,0.815,0.033,19428.530,2220.804,0.104,0.011,3219.165,133.018,0.622,0.025,8986.488,163.639,0.222,0.004
claix18,beeond,16,2,2,1000,2331.311,188.688,0.863,0.067,18159.666,2209.090,0.111,0.011,3203.062,155.200,0.626,0.030,8943.989,114.785,0.224,0.003
claix18,beeond,32,2,2,1000,2533.364,101.090,0.791,0.031,20184.313,1735.692,0.100,0.008,3398.692,219.300,0.590,0.036,9060.466,167.756,0.221,0.004
claix18,beeond,64,2,2,1000,2451.630,89.308,0.817,0.029,19537.500,2302.535,0.103,0.011,3251.034,180.345,0.617,0.033,8954.793,93.574,0.223,0.002
claix18,beeond,128,2,2,1000,2506.964,89.124,0.799,0.028,20823.735,3367.961,0.098,0.015,3372.453,241.288,0.596,0.041,8999.053,72.261,0.222,0.002
claix18,beeond,256,2,2,1000,2458.617,113.250,0.815,0.037,19698.540,1021.550,0.102,0.005,3434.837,262.175,0.585,0.044,8946.442,96.033,0.224,0.002
claix18,beeond,512,2,2,1000,2555.969,110.404,0.784,0.034,20622.941,2334.804,0.098,0.010,3423.178,230.491,0.587,0.040,9032.616,80.863,0.221,0.002
claix18,beeond,1024,2,2,1000,2526.175,136.963,0.794,0.042,19670.757,2427.253,0.103,0.012,3377.559,282.081,0.596,0.048,9043.074,91.308,0.221,0.002
claix18,beeond,2048,2,2,1000,2563.992,182.653,0.783,0.053,20208.922,3765.362,0.102,0.016,3425.668,108.448,0.584,0.018,8884.025,135.405,0.225,0.003
claix18,beeond,4096,2,2,1000,2482.156,130.681,0.808,0.043,20455.004,2841.430,0.100,0.012,3212.744,314.010,0.628,0.058,8998.986,76.210,0.222,0.002
claix18,beeond,8912,2,2,1000,2445.435,150.292,0.821,0.049,20064.950,2702.814,0.101,0.011,3256.161,271.540,0.618,0.048,9109.895,99.247,0.220,0.002
claix18,beeond,16384,2,2,1000,2472.353,114.048,0.810,0.037,20189.258,2203.848,0.100,0.011,3241.630,128.208,0.618,0.024,9064.933,194.601,0.221,0.005
claix18,beeond,32768,2,2,1000,2509.780,164.470,0.800,0.051,21402.775,4421.605,0.097,0.016,3338.468,237.415,0.602,0.043,8887.334,119.083,0.225,0.003
claix18,beeond,65536,2,2,1000,2350.632,96.336,0.852,0.034,20706.039,2152.764,0.098,0.010,3725.986,214.190,0.538,0.030,9070.546,198.149,0.221,0.005
claix18,beeond,131072,2,2,1000,2232.522,259.619,0.906,0.099,20220.408,2669.413,0.100,0.012,3243.693,162.477,0.618,0.031,9006.235,179.290,0.222,0.005
claix18,beeond,262144,2,2,1000,1932.675,89.871,1.037,0.048,20978.465,3131.403,0.097,0.014,2508.840,89.249,0.798,0.029,8965.563,146.766,0.223,0.004
claix18,beeond,524288,2,2,1000,1589.302,93.519,1.262,0.074,21075.800,3516.157,0.097,0.015,1846.435,68.866,1.085,0.038,8977.909,88.004,0.223,0.002
claix18,beeond,1048576,2,2,1000,1414.775,51.297,1.415,0.051,20427.137,1545.981,0.098,0.007,1548.970,33.281,1.292,0.028,8978.845,103.136,0.223,0.003
claix18,beeond,2097152,2,2,1000,914.685,17.392,2.187,0.041,21139.603,2483.924,0.096,0.011,1018.896,15.351,1.963,0.029,9012.708,107.299,0.222,0.003
claix18,beeond,4194304,2,2,1000,546.943,5.121,3.657,0.034,22766.058,3325.038,0.089,0.013,661.904,8.646,3.022,0.039,8789.514,79.931,0.228,0.002
claix18,beeond,8388608,2,2,1000,318.753,7.248,6.277,0.138,21351.183,2168.391,0.095,0.009,350.822,18.538,5.715,0.302,7719.496,659.811,0.261,0.023
claix18,beeond,16777216,2,2,1000,171.579,1.634,11.657,0.110,22716.326,3681.306,0.090,0.013,189.470,6.590,10.568,0.382,3798.339,302.241,0.530,0.043
claix18,beeond,33554432,2,2,1000,89.090,0.571,22.450,0.144,24337.795,4288.683,0.084,0.013,95.332,4.089,21.014,0.898,2170.644,292.604,0.936,0.121
claix18,beeond,67108864,2,2,1000,45.152,0.706,44.304,0.680,24628.665,4826.700,0.084,0.015,49.414,2.262,40.552,1.901,1241.376,161.453,1.635,0.201
claix18,beeond,134217728,2,2,1000,12.525,0.189,159.713,2.418,25076.140,4008.229,0.081,0.011,21.984,3.892,94.006,19.131,667.198,66.757,3.021,0.265
claix18,beeond,268435456,2,2,1000,4.159,0.353,484.282,44.671,25924.455,5141.414,0.080,0.014,3.322,0.538,620.879,131.006,457.777,36.598,4.396,0.372
claix18,beeond,1,4,4,1000,5543.871,426.530,0.725,0.053,52314.924,4557.244,0.077,0.006,8951.397,1048.741,0.452,0.048,10464.761,378.238,0.383,0.013
claix18,beeond,2,4,4,1000,5375.016,348.338,0.747,0.050,50012.924,2628.653,0.080,0.004,8414.665,378.219,0.476,0.021,10337.408,192.670,0.387,0.007
claix18,beeond,4,4,4,1000,5451.679,248.767,0.735,0.035,51217.648,3792.422,0.079,0.006,8086.840,576.006,0.497,0.038,10378.242,224.816,0.386,0.008
claix18,beeond,8,4,4,1000,5410.637,284.258,0.741,0.040,50390.613,3644.818,0.080,0.006,8611.776,565.938,0.466,0.030,10301.027,192.914,0.389,0.007
claix18,beeond,16,4,4,1000,5443.812,451.245,0.740,0.066,50289.952,3088.278,0.080,0.004,8635.440,822.297,0.467,0.045,10377.963,170.990,0.385,0.006
claix18,beeond,32,4,4,1000,5440.111,377.754,0.739,0.052,52847.495,5398.597,0.076,0.007,8722.779,637.599,0.461,0.034,10313.696,134.065,0.388,0.005
claix18,beeond,64,4,4,1000,5436.131,334.662,0.738,0.047,49661.344,2442.381,0.081,0.004,8594.995,631.065,0.468,0.036,10344.835,304.482,0.387,0.011
claix18,beeond,128,4,4,1000,5685.709,405.381,0.707,0.053,51859.230,4441.467,0.078,0.007,8858.840,683.154,0.454,0.036,10393.272,179.066,0.385,0.007
claix18,beeond,256,4,4,1000,5605.194,334.620,0.716,0.044,52459.457,3895.278,0.077,0.006,8939.975,960.340,0.452,0.045,10421.860,203.141,0.384,0.008
claix18,beeond,512,4,4,1000,5727.149,303.362,0.700,0.036,50679.072,2890.317,0.079,0.004,9074.107,989.026,0.445,0.046,10289.656,380.307,0.389,0.015
claix18,beeond,1024,4,4,1000,5800.505,295.744,0.691,0.039,53352.479,2241.631,0.075,0.003,9283.445,625.765,0.433,0.030,10373.043,206.091,0.386,0.007
claix18,beeond,2048,4,4,1000,5774.258,467.378,0.697,0.059,52876.798,6111.762,0.077,0.009,8838.818,857.739,0.456,0.045,10416.185,268.780,0.384,0.010
claix18,beeond,4096,4,4,1000,5690.713,451.132,0.707,0.059,52855.587,5962.878,0.076,0.009,8796.604,984.436,0.460,0.051,10479.252,320.231,0.382,0.012
claix18,beeond,8912,4,4,1000,5798.477,425.055,0.694,0.054,53163.630,3986.643,0.076,0.006,9275.259,1457.609,0.441,0.066,10364.112,276.553,0.386,0.010
claix18,beeond,16384,4,4,1000,5272.496,313.552,0.761,0.044,51506.212,4582.519,0.078,0.007,8469.692,1045.690,0.479,0.057,10311.301,201.291,0.388,0.008
claix18,beeond,32768,4,4,1000,5588.090,290.942,0.718,0.040,54434.819,3971.110,0.074,0.005,9282.084,969.848,0.436,0.052,10277.645,252.269,0.390,0.009
claix18,beeond,65536,4,4,1000,5333.382,435.501,0.755,0.067,54577.849,3501.846,0.073,0.005,9419.825,893.239,0.428,0.044,10196.904,81.931,0.393,0.003
claix18,beeond,131072,4,4,1000,5106.948,258.748,0.785,0.040,52015.507,3628.748,0.077,0.005,8378.524,543.629,0.479,0.030,10291.734,118.958,0.389,0.005
claix18,beeond,262144,4,4,1000,4662.086,247.701,0.860,0.048,55325.411,4462.066,0.073,0.006,6450.611,379.019,0.622,0.037,10333.072,276.586,0.387,0.010
claix18,beeond,524288,4,4,1000,3916.367,250.774,1.025,0.067,53161.339,6193.709,0.076,0.009,4573.510,332.955,0.879,0.063,10253.371,191.987,0.390,0.007
claix18,beeond,1048576,4,4,1000,3370.113,128.474,1.188,0.047,51363.176,2540.870,0.078,0.004,3862.650,202.129,1.038,0.055,10097.108,181.017,0.396,0.007
claix18,beeond,2097152,4,4,1000,2788.164,95.246,1.436,0.049,52618.915,3547.758,0.076,0.005,3566.882,116.049,1.123,0.037,10013.083,310.630,0.400,0.013
claix18,beeond,4194304,4,4,1000,1642.553,29.236,2.436,0.043,51330.296,2662.368,0.078,0.004,2099.613,42.749,1.906,0.039,9654.740,124.763,0.415,0.006
claix18,beeond,8388608,4,4,1000,928.926,7.008,4.306,0.033,53852.472,3640.128,0.074,0.005,1224.304,31.796,3.269,0.085,9762.212,319.127,0.410,0.014
claix18,beeond,16777216,4,4,1000,491.662,7.100,8.137,0.117,51123.046,3251.878,0.079,0.005,599.257,13.094,6.678,0.144,7323.154,1118.390,0.557,0.080
claix18,beeond,33554432,4,4,1000,257.283,3.302,15.549,0.200,53844.826,4045.180,0.074,0.006,298.048,1.877,13.421,0.084,4173.389,556.726,0.974,0.128
claix18,beeond,67108864,4,4,1000,130.327,0.608,30.693,0.143,55771.395,4277.837,0.072,0.006,152.036,1.425,26.312,0.246,2331.249,205.706,1.728,0.161
claix18,beeond,134217728,4,4,1000,22.545,2.949,181.125,31.750,54982.533,5498.606,0.073,0.007,52.794,14.969,82.677,28.813,1204.723,102.125,3.342,0.286
claix18,beeond,268435456,4,4,1000,6.056,1.449,694.957,163.152,48409.571,15643.038,0.109,0.069,3.121,0.973,1400.050,473.163,869.712,113.541,4.688,0.757
claix18,lustre,1,1,1,1000,1219.229,166.542,0.840,0.166,24018.207,432.146,0.042,0.001,13921.907,411.988,0.072,0.002,4159.549,286.974,0.242,0.016
claix18,lustre,2,1,1,1000,1227.376,173.108,0.835,0.157,23903.451,699.921,0.042,0.001,13906.915,541.605,0.072,0.003,4085.739,127.260,0.245,0.007
claix18,lustre,4,1,1,1000,1243.066,133.629,0.816,0.118,23510.253,543.024,0.043,0.001,14274.697,697.278,0.071,0.003,4122.624,150.938,0.243,0.009
claix18,lustre,8,1,1,1000,1228.348,103.491,0.820,0.078,24133.170,723.164,0.042,0.001,13932.423,280.807,0.072,0.001,4072.541,161.111,0.246,0.010
claix18,lustre,16,1,1,1000,1283.120,31.550,0.780,0.020,23654.180,768.135,0.042,0.001,13943.080,566.033,0.072,0.003,4163.091,247.283,0.241,0.014
claix18,lustre,32,1,1,1000,1237.506,128.375,0.819,0.112,23537.478,537.273,0.043,0.001,14013.439,411.793,0.072,0.002,3992.589,106.081,0.251,0.006
claix18,lustre,64,1,1,1000,1273.759,71.966,0.788,0.049,23536.825,916.389,0.043,0.002,14234.338,410.036,0.071,0.002,4154.195,192.884,0.241,0.012
claix18,lustre,128,1,1,1000,1265.050,38.378,0.791,0.024,23705.247,442.674,0.042,0.001,14056.813,401.308,0.071,0.002,3977.350,129.182,0.252,0.008
claix18,lustre,256,1,1,1000,1272.228,27.725,0.786,0.017,23867.630,586.216,0.042,0.001,13878.174,345.047,0.072,0.002,4085.023,175.001,0.245,0.010
claix18,lustre,512,1,1,1000,1222.228,175.648,0.843,0.188,23841.522,764.362,0.042,0.001,13649.817,398.191,0.074,0.002,4019.964,136.081,0.249,0.008
claix18,lustre,1024,1,1,1000,1180.263,144.644,0.860,0.119,24012.498,917.560,0.042,0.002,14184.679,490.119,0.071,0.003,4169.968,214.918,0.241,0.012
claix18,lustre,2048,1,1,1000,1241.260,56.694,0.807,0.038,23619.504,811.309,0.043,0.001,14122.932,487.896,0.071,0.003,3990.287,106.840,0.251,0.007
claix18,lustre,4096,1,1,1000,1192.211,164.561,0.859,0.161,23975.352,858.945,0.042,0.002,13956.536,513.767,0.072,0.003,4051.110,170.788,0.247,0.011
claix18,lustre,8912,1,1,1000,1263.841,15.588,0.791,0.010,23511.728,937.444,0.043,0.002,13679.735,352.794,0.073,0.002,4119.962,152.911,0.243,0.009
claix18,lustre,16384,1,1,1000,1243.238,78.990,0.808,0.060,24078.535,823.685,0.042,0.001,13944.783,425.940,0.072,0.002,4075.381,104.160,0.246,0.006
claix18,lustre,32768,1,1,1000,1172.147,201.667,0.882,0.185,23450.684,845.870,0.043,0.001,14067.359,493.298,0.071,0.003,4127.032,211.893,0.243,0.012
claix18,lustre,65536,1,1,1000,1271.541,50.423,0.788,0.031,23710.659,788.696,0.042,0.001,13627.852,406.146,0.074,0.002,4173.640,236.737,0.241,0.013
claix18,lustre,131072,1,1,1000,714.188,493.144,8.167,19.855,21599.370,7215.295,0.130,0.278,12009.313,4185.044,0.633,1.762,3760.909,1335.312,0.824,1.836
claix18,lustre,262144,1,1,1000,988.233,38.884,1.013,0.040,23843.469,522.654,0.042,0.001,12701.442,444.624,0.079,0.003,4570.021,281.355,0.220,0.013
claix18,lustre,524288,1,1,1000,751.831,29.020,1.332,0.051,23881.586,763.833,0.042,0.001,10315.937,329.572,0.097,0.003,4933.510,277.875,0.204,0.011
claix18,lustre,1048576,1,1,1000,526.168,17.027,1.902,0.060,23389.384,1261.399,0.043,0.002,7959.262,188.623,0.126,0.003,5153.121,247.792,0.195,0.010
claix18,lustre,2097152,1,1,1000,144.158,4.526,6.943,0.224,23626.248,740.263,0.043,0.002,5713.800,105.108,0.175,0.003,4286.207,122.801,0.234,0.007
claix18,lustre,4194304,1,1,1000,76.957,30.914,20.078,20.285,21219.395,7433.193,0.585,1.714,3615.216,51.844,0.277,0.004,2582.710,71.142,0.388,0.011
claix18,lustre,8388608,1,1,1000,42.493,32.187,48.120,43.750,15534.530,10293.842,0.529,0.798,1386.808,878.343,2.023,2.836,932.378,627.494,2.873,3.364
claix18,lustre,16777216,1,1,1000,69.954,4.102,14.344,0.931,21778.892,862.648,0.046,0.002,915.264,29.389,1.094,0.035,788.574,8.446,1.268,0.013
claix18,lustre,33554432,1,1,1000,51.675,4.398,19.488,1.779,21349.184,720.477,0.047,0.002,148.388,1.491,6.740,0.068,614.772,21.193,1.629,0.057
claix18,lustre,67108864,1,1,1000,35.558,0.416,28.127,0.331,21677.903,601.738,0.046,0.001,41.136,0.518,24.313,0.308,581.049,33.478,1.726,0.098
claix18,lustre,134217728,1,1,1000,17.014,0.177,58.783,0.612,21668.118,672.220,0.046,0.002,22.167,0.321,45.122,0.671,505.564,33.908,1.986,0.136
claix18,lustre,268435456,1,1,1000,10.720,0.180,93.308,1.582,20534.318,540.473,0.049,0.001,12.338,0.223,81.077,1.496,483.716,32.388,2.076,0.142
claix18,lustre,300000000,1,1,1000,10.107,0.140,98.964,1.379,20433.764,571.571,0.049,0.001,11.034,0.721,91.039,7.052,449.653,102.669,2.474,1.235
claix18,lustre,340000000,1,1,1000,9.019,0.131,110.899,1.629,20057.921,600.506,0.050,0.001,9.885,0.175,101.194,1.801,450.234,27.648,2.229,0.145
claix18,lustre,380000000,1,1,1000,8.360,0.130,119.647,1.864,19720.314,574.583,0.051,0.002,9.024,0.113,110.832,1.396,444.035,29.136,2.261,0.150
claix18,tmp,1,1,1,1000,46785.719,4636.831,0.022,0.002,519859.879,24830.034,0.002,0.000,312582.304,15626.687,0.003,0.000,75318.147,2589.376,0.013,0.000
claix18,tmp,2,1,1,1000,46878.080,5248.820,0.022,0.002,542801.265,10585.648,0.002,0.000,317961.969,6838.027,0.003,0.000,75548.928,1281.221,0.013,0.000
claix18,tmp,4,1,1,1000,47968.608,4740.089,0.021,0.002,546539.561,13873.603,0.002,0.000,313708.142,10344.628,0.003,0.000,76691.294,2001.751,0.013,0.000
claix18,tmp,8,1,1,1000,47590.899,4941.892,0.021,0.002,544473.302,26938.466,0.002,0.000,314753.886,7542.027,0.003,0.000,77126.502,1732.454,0.013,0.000
claix18,tmp,16,1,1,1000,46356.799,4592.312,0.022,0.002,539983.374,18314.695,0.002,0.000,313954.289,6823.608,0.003,0.000,75811.695,1596.898,0.013,0.000
claix18,tmp,32,1,1,1000,47448.026,4994.216,0.021,0.002,542700.314,14224.122,0.002,0.000,317157.564,9583.844,0.003,0.000,76627.499,1739.491,0.013,0.000
claix18,tmp,64,1,1,1000,45942.360,4136.417,0.022,0.002,541105.690,13631.461,0.002,0.000,312819.894,9800.430,0.003,0.000,75915.744,2156.668,0.013,0.000
claix18,tmp,128,1,1,1000,47967.615,5080.941,0.021,0.002,557146.828,10219.992,0.002,0.000,321886.064,7612.595,0.003,0.000,76591.212,1593.414,0.013,0.000
claix18,tmp,256,1,1,1000,45777.276,4142.151,0.022,0.002,540468.646,12501.608,0.002,0.000,319937.194,8491.834,0.003,0.000,76712.834,1634.144,0.013,0.000
claix18,tmp,512,1,1,1000,46583.721,4831.494,0.022,0.002,539968.777,13525.785,0.002,0.000,316116.410,6669.557,0.003,0.000,75655.880,1589.607,0.013,0.000
claix18,tmp,1024,1,1,1000,47415.041,5116.600,0.021,0.002,543604.214,17021.101,0.002,0.000,315420.358,11966.147,0.003,0.000,71378.774,13141.722,0.015,0.005
claix18,tmp,2048,1,1,1000,47653.961,4842.486,0.021,0.002,543003.256,16460.075,0.002,0.000,318338.390,6585.670,0.003,0.000,76454.845,1571.516,0.013,0.000
claix18,tmp,4096,1,1,1000,48028.324,4974.443,0.021,0.002,543762.046,15143.218,0.002,0.000,313222.481,17265.160,0.003,0.000,72609.648,9995.935,0.014,0.003
claix18,tmp,8912,1,1,1000,40968.969,3236.210,0.024,0.002,537498.182,11245.929,0.002,0.000,308843.744,8037.914,0.003,0.000,69355.520,1150.000,0.014,0.001
claix18,tmp,16384,1,1,1000,38091.357,3308.538,0.026,0.002,534476.605,9561.552,0.002,0.000,306809.666,9814.911,0.003,0.000,67397.651,1250.677,0.015,0.000
claix18,tmp,32768,1,1,1000,31233.411,2475.073,0.032,0.003,539528.878,10029.575,0.002,0.000,314923.618,7137.987,0.003,0.000,61081.325,749.061,0.016,0.000
claix18,tmp,65536,1,1,1000,23178.698,1153.890,0.043,0.002,517725.421,10966.351,0.002,0.000,313800.839,7310.155,0.003,0.000,50268.169,1200.479,0.020,0.001
claix18,tmp,131072,1,1,1000,15212.944,620.915,0.066,0.003,521589.202,13245.005,0.002,0.000,309101.551,7995.167,0.003,0.000,37749.586,638.323,0.027,0.001
claix18,tmp,262144,1,1,1000,9111.694,280.173,0.110,0.004,510689.208,11010.881,0.002,0.000,310053.345,8355.942,0.003,0.000,25082.776,3450.054,0.041,0.008
claix18,tmp,524288,1,1,1000,5003.508,74.538,0.200,0.003,511994.549,15416.497,0.002,0.000,304012.779,7933.331,0.003,0.000,15499.606,351.578,0.065,0.001
claix18,tmp,1048576,1,1,1000,2621.802,36.976,0.382,0.006,516366.160,31967.313,0.002,0.000,306633.843,24893.776,0.003,0.000,8839.927,315.107,0.113,0.005
claix18,tmp,2097152,1,1,1000,1361.893,11.553,0.734,0.006,532225.097,13292.183,0.002,0.000,314963.958,4602.300,0.003,0.000,4788.226,54.786,0.209,0.002
claix18,tmp,4194304,1,1,1000,697.687,3.778,1.433,0.008,520038.925,12245.148,0.002,0.000,311235.573,12378.857,0.003,0.000,2481.082,55.171,0.403,0.009
claix18,tmp,8388608,1,1,1000,351.109,5.287,2.849,0.043,526653.070,19593.565,0.002,0.000,314417.739,10715.140,0.003,0.000,1241.119,72.636,0.808,0.049
claix18,tmp,16777216,1,1,1000,169.795,0.771,5.889,0.027,527269.097,8845.231,0.002,0.000,312566.311,6581.048,0.003,0.000,637.634,19.879,1.570,0.049
claix18,tmp,33554432,1,1,1000,77.731,0.366,12.865,0.061,490710.336,12754.872,0.002,0.000,302783.570,7121.561,0.003,0.000,40.223,1.139,24.878,0.671
claix18,tmp,67108864,1,1,1000,34.323,0.286,29.137,0.245,494124.326,12531.071,0.002,0.000,302585.937,7636.272,0.003,0.000,12.625,0.141,79.218,0.887
claix18,tmp,134217728,1,1,1000,6.503,0.084,153.808,1.987,470747.455,7260.307,0.002,0.000,301974.169,6125.483,0.003,0.000,7.465,0.126,134.002,2.291
claix18,tmp,268435456,1,1,1000,2.290,0.034,436.851,6.427,480449.975,10808.851,0.002,0.000,298364.529,6350.166,0.003,0.000,8.578,0.161,116.616,2.164
claix18,tmp_odirect,1,1,1,1000,4932.089,143.602,0.203,0.006,76924.732,2819.134,0.013,0.001,52764.976,1756.478,0.019,0.001,30282.181,445.861,0.033,0.001
claix18,tmp_odirect,2,1,1,1000,4990.976,113.791,0.200,0.005,75007.887,5939.351,0.013,0.001,53365.048,1893.050,0.019,0.001,29960.261,1177.919,0.034,0.001
claix18,tmp_odirect,4,1,1,1000,4907.763,106.729,0.204,0.005,77247.914,5393.845,0.013,0.001,54345.889,2896.247,0.018,0.001,30903.363,944.344,0.032,0.001
claix18,tmp_odirect,8,1,1,1000,4911.498,99.287,0.204,0.004,76394.522,3910.639,0.013,0.001,53712.231,2365.011,0.019,0.001,30740.008,506.756,0.033,0.000
claix18,tmp_odirect,16,1,1,1000,4917.559,80.750,0.203,0.003,75235.897,3755.524,0.013,0.001,52899.784,2366.748,0.019,0.001,30074.142,1045.515,0.033,0.001
claix18,tmp_odirect,32,1,1,1000,4897.610,80.897,0.204,0.003,74306.988,4628.140,0.013,0.001,51821.526,2857.746,0.019,0.001,30427.102,449.852,0.033,0.000
claix18,tmp_odirect,64,1,1,1000,4931.684,82.592,0.203,0.003,73641.050,5820.577,0.014,0.001,52444.123,1929.488,0.019,0.001,29719.737,1339.164,0.034,0.002
claix18,tmp_odirect,128,1,1,1000,4897.590,139.935,0.204,0.006,75976.747,3734.207,0.013,0.001,53754.747,1111.486,0.019,0.000,29869.900,1013.412,0.033,0.001
claix18,tmp_odirect,256,1,1,1000,4910.473,74.804,0.204,0.003,75109.464,3067.069,0.013,0.001,53176.380,1811.745,0.019,0.001,30080.365,488.792,0.033,0.001
claix18,tmp_odirect,512,1,1,1000,4907.158,94.717,0.204,0.004,76421.803,3094.881,0.013,0.001,53249.891,1027.781,0.019,0.000,30426.555,629.799,0.033,0.001
claix18,tmp_odirect,1024,1,1,1000,4909.718,78.592,0.204,0.003,77390.599,2816.161,0.013,0.001,53649.313,980.133,0.019,0.000,30261.329,705.486,0.033,0.001
claix18,tmp_odirect,2048,1,1,1000,4952.048,81.348,0.202,0.003,73142.392,5910.811,0.014,0.001,52904.592,2214.090,0.019,0.001,29963.134,1330.713,0.034,0.002
claix18,tmp_odirect,4096,1,1,1000,4955.058,99.138,0.202,0.004,76561.185,3780.709,0.013,0.001,53747.515,3557.578,0.019,0.001,30443.164,438.534,0.033,0.001
claix18,tmp_odirect,8912,1,1,1000,4186.660,78.565,0.239,0.004,74603.340,8444.243,0.014,0.002,49116.145,3388.960,0.020,0.002,28979.454,1236.855,0.035,0.002
claix18,tmp_odirect,16384,1,1,1000,3992.118,98.647,0.251,0.006,77782.420,2954.896,0.013,0.001,49693.412,1714.074,0.020,0.001,28698.467,996.748,0.035,0.001
claix18,tmp_odirect,32768,1,1,1000,3276.854,110.716,0.305,0.011,77000.600,2704.269,0.013,0.001,44819.336,983.500,0.022,0.001,28249.124,257.261,0.035,0.001
claix18,tmp_odirect,65536,1,1,1000,2389.223,22.897,0.418,0.004,74602.645,1384.469,0.013,0.000,36094.187,748.695,0.028,0.001,25902.708,719.631,0.039,0.001
claix18,tmp_odirect,131072,1,1,1000,1723.973,70.939,0.581,0.025,74864.562,5674.301,0.014,0.001,27522.662,493.993,0.036,0.001,22519.660,620.208,0.044,0.001
claix18,tmp_odirect,262144,1,1,1000,911.910,20.280,1.097,0.024,75182.372,2337.630,0.013,0.001,18283.674,282.105,0.055,0.001,18345.579,231.901,0.055,0.001
claix18,tmp_odirect,524288,1,1,1000,510.031,2.612,1.961,0.010,76897.802,1945.911,0.013,0.000,10751.704,99.190,0.093,0.001,13028.645,220.775,0.077,0.001
claix18,tmp_odirect,1048576,1,1,1000,301.053,0.622,3.322,0.007,75030.170,2389.065,0.013,0.001,6003.023,27.313,0.167,0.001,8379.585,236.270,0.120,0.003
claix18,tmp_odirect,2097152,1,1,1000,168.334,0.440,5.941,0.016,73125.421,6226.377,0.014,0.001,3232.700,21.360,0.309,0.002,5041.172,72.642,0.198,0.003
claix18,tmp_odirect,4194304,1,1,1000,90.675,0.082,11.028,0.010,76289.881,3390.842,0.013,0.001,1696.288,10.744,0.590,0.004,2820.972,29.453,0.355,0.004
claix18,tmp_odirect,8388608,1,1,1000,47.664,0.071,20.980,0.031,75697.401,3454.348,0.013,0.001,860.137,7.155,1.163,0.010,1497.123,10.240,0.668,0.004
claix18,tmp_odirect,16777216,1,1,1000,23.983,0.395,41.707,0.704,73463.385,4883.538,0.014,0.001,327.387,21.786,3.066,0.198,779.022,6.441,1.284,0.011
claix18,tmp_odirect,33554432,1,1,1000,11.976,0.067,83.502,0.467,70795.484,3825.040,0.014,0.001,137.700,1.005,7.263,0.052,392.291,2.007,2.549,0.013
claix18,tmp_odirect,67108864,1,1,1000,5.136,0.104,194.771,4.089,74368.713,5003.485,0.014,0.001,7.120,0.270,140.632,5.491,247.809,3.930,4.036,0.065
claix18,tmp_odirect,134217728,1,1,1000,2.069,0.029,483.561,6.764,73892.294,4795.126,0.014,0.001,3.529,0.083,283.542,6.855,181.363,1.900,5.514,0.058
claix18,tmp_odirect,268435456,1,1,1000,0.870,0.021,1150.702,28.866,65048.550,4072.027,0.015,0.001,1.512,0.118,664.763,51.247,117.365,1.168,8.521,0.085
claix23,beeond,1,1,1,1000,3566.757,107.807,0.281,0.009,31385.604,722.248,0.032,0.001,5767.582,101.623,0.173,0.003,10023.702,72.281,0.100,0.001
claix23,beeond,1,1,1,1000,3248.180,174.779,0.309,0.016,26323.732,3916.260,0.039,0.005,5149.303,292.508,0.195,0.011,8541.047,386.425,0.117,0.005
claix23,beeond,4,1,1,1000,3484.390,46.789,0.287,0.004,30340.794,2407.279,0.033,0.003,5585.277,128.103,0.179,0.004,9195.492,287.957,0.109,0.003
claix23,beeond,4,1,1,1000,3151.867,89.882,0.318,0.009,25206.714,1664.140,0.040,0.003,5016.939,168.180,0.200,0.007,8647.363,639.398,0.116,0.009
claix23,beeond,16,1,1,1000,3341.170,150.199,0.300,0.014,29421.694,3232.465,0.034,0.004,5354.789,298.886,0.187,0.011,9491.811,430.949,0.106,0.005
claix23,beeond,64,1,1,1000,3213.108,79.624,0.311,0.008,23201.033,894.382,0.043,0.002,4992.406,95.307,0.200,0.004,8326.079,199.115,0.120,0.003
claix23,beeond,64,1,1,1000,3263.965,69.013,0.307,0.007,25642.949,1822.737,0.039,0.003,5208.748,134.566,0.192,0.005,8916.569,294.460,0.112,0.004
claix23,beeond,256,1,1,1000,3440.925,123.242,0.291,0.011,27995.093,2862.056,0.036,0.004,5486.305,277.938,0.183,0.010,9436.660,419.024,0.106,0.005
claix23,beeond,256,1,1,1000,3029.304,155.604,0.331,0.018,23760.128,1109.561,0.042,0.002,4742.359,139.267,0.211,0.006,8323.623,379.497,0.120,0.006
claix23,beeond,1024,1,1,1000,3250.818,189.036,0.309,0.019,25604.744,1295.118,0.039,0.002,5146.330,267.862,0.195,0.011,8881.782,164.460,0.113,0.002
claix23,beeond,1024,1,1,1000,3166.258,127.767,0.316,0.013,24282.298,960.048,0.041,0.002,5092.748,100.550,0.196,0.004,8617.855,203.023,0.116,0.003
claix23,beeond,4096,1,1,1000,3257.446,113.325,0.307,0.011,25301.555,825.444,0.040,0.001,4893.136,89.201,0.204,0.004,8984.180,420.691,0.112,0.005
claix23,beeond,4096,1,1,1000,3202.512,101.827,0.313,0.010,25235.099,1647.494,0.040,0.003,5156.198,246.614,0.194,0.009,8586.910,269.787,0.117,0.004
claix23,beeond,16384,1,1,1000,3059.929,70.218,0.327,0.007,22749.391,494.669,0.044,0.001,4648.465,137.767,0.215,0.006,7998.798,199.789,0.125,0.003
claix23,beeond,16384,1,1,1000,3356.149,106.761,0.298,0.010,29539.922,3522.896,0.034,0.004,5328.932,225.036,0.188,0.008,9364.604,450.250,0.107,0.005
claix23,beeond,65536,1,1,1000,3074.920,85.457,0.325,0.009,27440.810,2315.346,0.037,0.003,4772.545,202.672,0.210,0.009,9100.861,287.642,0.110,0.003
claix23,beeond,65536,1,1,1000,3085.382,55.770,0.324,0.006,27725.094,1147.335,0.036,0.002,4773.926,95.197,0.210,0.004,9130.475,131.926,0.110,0.002
claix23,beeond,262144,1,1,1000,2423.031,49.487,0.413,0.008,25515.870,1542.047,0.039,0.002,3509.514,105.830,0.285,0.008,8544.831,314.673,0.117,0.004
claix23,beeond,262144,1,1,1000,2648.239,63.971,0.378,0.009,26938.306,988.911,0.037,0.001,3902.433,47.895,0.256,0.003,9122.835,197.172,0.110,0.002
claix23,beeond,1048576,1,1,1000,1365.269,32.083,0.733,0.017,24103.400,1926.273,0.042,0.003,1946.937,49.783,0.514,0.013,7484.690,365.569,0.134,0.006
claix23,beeond,1048576,1,1,1000,1531.312,58.393,0.654,0.025,25020.501,2164.848,0.040,0.003,2072.077,47.610,0.483,0.011,8004.042,532.484,0.125,0.009
claix23,beeond,4194304,1,1,1000,491.931,9.825,2.034,0.040,28295.723,2444.348,0.036,0.003,605.899,17.215,1.652,0.046,7727.847,495.871,0.130,0.009
claix23,beeond,16777216,1,1,1000,142.033,3.229,7.044,0.160,23345.490,1322.340,0.043,0.002,168.185,4.507,5.950,0.160,5104.330,936.824,0.202,0.035
claix23,beeond,67108864,1,1,1000,39.504,1.285,25.337,0.808,22774.441,1506.756,0.044,0.003,45.417,3.690,22.152,1.840,1091.787,254.744,0.972,0.273
claix23,beeond,1,2,2,1000,6223.547,254.007,0.161,0.007,46620.123,3630.850,0.022,0.002,9867.582,764.267,0.102,0.008,16139.331,436.056,0.062,0.002
claix23,beeond,1,2,2,1000,6124.031,273.520,0.164,0.007,46309.717,2567.940,0.022,0.001,9610.306,611.036,0.104,0.006,16016.433,360.968,0.062,0.001
claix23,beeond,4,2,2,1000,6350.230,224.323,0.158,0.006,47283.349,1475.457,0.021,0.001,10143.299,492.919,0.099,0.005,16897.815,569.340,0.059,0.002
claix23,beeond,4,2,2,1000,6181.647,291.074,0.162,0.008,46431.059,5637.377,0.022,0.002,9825.757,436.713,0.102,0.005,16157.032,1259.833,0.062,0.005
claix23,beeond,16,2,2,1000,6472.509,138.194,0.155,0.003,48175.406,3060.380,0.021,0.001,10004.033,348.769,0.100,0.003,16738.510,771.393,0.060,0.003
claix23,beeond,16,2,2,1000,6213.757,231.015,0.161,0.006,47217.414,2445.034,0.021,0.001,9853.328,367.974,0.102,0.004,16920.802,850.246,0.059,0.003
claix23,beeond,64,2,2,1000,6338.340,194.622,0.158,0.005,48710.733,3310.761,0.021,0.001,10134.677,620.449,0.099,0.006,16469.091,972.470,0.061,0.004
claix23,beeond,64,2,2,1000,6579.365,255.596,0.152,0.006,50556.853,2872.080,0.020,0.001,10412.089,509.770,0.096,0.005,17280.057,589.701,0.058,0.002
claix23,beeond,256,2,2,1000,6216.893,202.811,0.161,0.005,45540.022,1440.785,0.022,0.001,9801.398,494.027,0.102,0.005,16263.181,478.662,0.062,0.002
claix23,beeond,256,2,2,1000,6573.583,169.379,0.152,0.004,47512.938,2069.898,0.021,0.001,10587.356,290.140,0.095,0.003,16392.972,539.482,0.061,0.002
claix23,beeond,1024,2,2,1000,6606.244,385.144,0.152,0.009,49506.615,3230.143,0.020,0.001,10655.969,374.042,0.094,0.003,17882.076,1222.914,0.056,0.004
claix23,beeond,1024,2,2,1000,6329.994,275.627,0.158,0.007,47799.238,4105.611,0.021,0.002,10374.378,417.205,0.097,0.004,16516.345,1046.994,0.061,0.004
claix23,beeond,4096,2,2,1000,6492.465,292.626,0.154,0.007,48345.379,2182.323,0.021,0.001,10265.210,414.749,0.098,0.004,17244.211,683.130,0.058,0.002
claix23,beeond,4096,2,2,1000,6362.452,330.769,0.158,0.008,47278.467,3524.940,0.021,0.002,9823.430,681.867,0.102,0.007,16614.835,1082.437,0.060,0.004
claix23,beeond,16384,2,2,1000,5868.873,316.887,0.171,0.009,43735.660,3954.343,0.023,0.002,8741.437,799.591,0.115,0.010,15790.552,609.928,0.063,0.002
claix23,beeond,16384,2,2,1000,6433.955,139.717,0.155,0.003,49940.487,1411.861,0.020,0.001,10061.966,179.814,0.099,0.002,17678.215,842.099,0.057,0.003
claix23,beeond,65536,2,2,1000,5660.411,193.993,0.177,0.006,44889.544,2589.513,0.022,0.001,8725.106,243.886,0.115,0.003,15847.130,816.813,0.063,0.003
claix23,beeond,65536,2,2,1000,5816.559,238.571,0.172,0.007,48729.847,3683.471,0.021,0.002,8728.611,441.184,0.115,0.006,16886.566,757.121,0.059,0.003
claix23,beeond,262144,2,2,1000,4758.332,144.871,0.210,0.006,50405.866,4259.468,0.020,0.002,7102.315,363.889,0.141,0.007,17154.086,808.473,0.058,0.003
claix23,beeond,262144,2,2,1000,4563.029,259.531,0.220,0.013,45919.225,3935.856,0.022,0.002,6974.070,700.370,0.145,0.016,15888.448,1037.826,0.063,0.004
claix23,beeond,1048576,2,2,1000,2919.028,375.400,0.348,0.050,46362.814,5984.834,0.022,0.003,4061.310,475.975,0.250,0.032,15138.888,801.172,0.066,0.003
claix23,beeond,1048576,2,2,1000,2861.793,237.747,0.352,0.031,43715.106,2767.247,0.023,0.002,3650.000,225.355,0.275,0.017,14354.309,1195.914,0.070,0.005
claix23,beeond,1,4,1,1000,11325.146,940.061,0.089,0.008,86944.252,1197.320,0.012,0.000,18781.912,184.844,0.053,0.001,26036.740,297.210,0.038,0.000
claix23,beeond,4,4,1,1000,11945.932,769.648,0.084,0.006,91849.931,2635.157,0.011,0.000,20033.951,191.022,0.050,0.000,26134.794,380.625,0.038,0.001
claix23,beeond,16,4,1,1000,10748.218,750.186,0.094,0.007,83973.812,2813.267,0.012,0.000,18005.786,232.064,0.056,0.001,24946.355,260.157,0.040,0.000
claix23,beeond,64,4,1,1000,11004.386,577.563,0.091,0.005,83616.929,1868.026,0.012,0.000,18228.835,178.083,0.055,0.001,25723.784,281.758,0.039,0.000
claix23,beeond,256,4,1,1000,11344.077,838.104,0.089,0.007,89055.118,2201.117,0.011,0.000,19197.852,176.532,0.052,0.000,25333.642,381.434,0.039,0.001
claix23,beeond,1024,4,1,1000,11292.345,851.726,0.089,0.007,89110.246,1717.329,0.011,0.000,18797.623,234.557,0.053,0.001,26302.599,304.000,0.038,0.000
claix23,beeond,4096,4,1,1000,10993.837,722.973,0.091,0.006,85659.644,2179.423,0.012,0.000,17875.329,123.622,0.056,0.000,26080.546,244.466,0.038,0.000
claix23,beeond,16384,4,1,1000,10890.657,711.957,0.092,0.007,83465.845,2224.172,0.012,0.000,17445.627,227.013,0.057,0.001,25159.955,309.260,0.040,0.000
claix23,beeond,65536,4,1,1000,10196.038,619.159,0.098,0.006,88197.254,826.340,0.011,0.000,16064.963,92.256,0.062,0.000,25976.914,445.037,0.039,0.001
claix23,beeond,262144,4,1,1000,7102.941,324.143,0.141,0.007,86016.563,1601.122,0.012,0.000,11528.229,177.484,0.087,0.001,24432.924,438.282,0.041,0.001
claix23,beeond,1048576,4,1,1000,3774.378,76.437,0.265,0.005,89579.090,2052.154,0.011,0.000,6042.655,159.379,0.166,0.005,24280.300,579.291,0.041,0.001
claix23,beeond,4194304,4,1,1000,1205.172,20.696,0.830,0.014,86152.069,4027.439,0.012,0.001,2000.445,67.616,0.500,0.017,17967.312,3842.777,0.059,0.016
claix23,beeond,16777216,4,1,1000,358.812,28.204,2.802,0.216,85670.012,3121.444,0.012,0.000,583.944,40.298,1.720,0.117,5609.316,1201.445,0.185,0.036
claix23,beeond,67108864,4,1,1000,121.031,2.035,8.264,0.138,87233.790,1769.351,0.011,0.000,146.655,6.894,6.832,0.320,1525.998,256.660,0.672,0.115
claix23,beeond,1,4,2,1000,10861.045,1543.070,0.094,0.019,79001.586,10894.618,0.013,0.002,17650.159,1501.898,0.057,0.005,27473.188,1813.944,0.037,0.002
claix23,beeond,1,4,2,1000,11825.664,793.677,0.085,0.006,86447.803,3359.922,0.012,0.000,19638.555,490.922,0.051,0.001,29239.873,1776.694,0.034,0.002
claix23,beeond,4,4,2,1000,11815.629,628.282,0.085,0.005,88856.519,3421.183,0.011,0.000,19178.035,764.455,0.052,0.002,28975.570,1838.401,0.035,0.002
claix23,beeond,4,4,2,1000,11903.596,525.941,0.084,0.004,83801.945,7045.603,0.012,0.001,19020.689,469.661,0.053,0.001,28628.856,2216.764,0.035,0.003
claix23,beeond,16,4,2,1000,11878.556,703.015,0.084,0.005,83712.305,2065.006,0.012,0.000,19047.044,556.323,0.053,0.002,29051.185,1811.748,0.035,0.002
claix23,beeond,16,4,2,1000,11806.539,720.085,0.085,0.006,82864.734,8699.509,0.012,0.002,19724.964,563.408,0.051,0.001,29291.817,1741.925,0.034,0.002
claix23,beeond,64,4,2,1000,11409.966,1363.892,0.089,0.014,84089.767,6082.817,0.012,0.001,19004.103,1154.545,0.053,0.003,28531.154,1975.987,0.035,0.002
claix23,beeond,64,4,2,1000,11830.799,678.554,0.085,0.005,87195.864,3900.667,0.011,0.001,19969.501,484.635,0.050,0.001,29354.839,1528.673,0.034,0.002
claix23,beeond,256,4,2,1000,11660.427,567.620,0.086,0.004,85827.337,5080.604,0.012,0.001,18888.433,671.187,0.053,0.002,29273.823,1920.674,0.034,0.002
claix23,beeond,256,4,2,1000,11543.152,863.264,0.087,0.007,82637.570,4283.603,0.012,0.001,18935.863,797.480,0.053,0.002,27021.074,1620.370,0.037,0.002
claix23,beeond,1024,4,2,1000,12251.835,660.467,0.082,0.005,87671.850,6921.120,0.011,0.001,19554.701,771.122,0.051,0.002,30978.077,2082.881,0.032,0.002
claix23,beeond,1024,4,2,1000,12024.704,781.151,0.084,0.006,83694.992,7579.902,0.012,0.001,19385.207,383.756,0.052,0.001,30066.523,1282.313,0.033,0.001
claix23,beeond,4096,4,2,1000,12073.540,724.284,0.083,0.006,88587.517,9006.363,0.011,0.001,19721.743,321.325,0.051,0.001,30132.153,1668.039,0.033,0.002
claix23,beeond,4096,4,2,1000,11815.629,591.859,0.085,0.005,85411.149,5543.847,0.012,0.001,19244.410,569.821,0.052,0.002,29620.058,1585.489,0.034,0.002
claix23,beeond,16384,4,2,1000,11306.809,549.679,0.089,0.005,81887.436,7505.237,0.012,0.001,17888.017,635.778,0.056,0.002,28555.847,1423.584,0.035,0.002
claix23,beeond,16384,4,2,1000,11549.766,581.407,0.087,0.005,88387.105,3939.512,0.011,0.001,18601.839,571.882,0.054,0.002,28754.847,1825.835,0.035,0.002
claix23,beeond,65536,4,2,1000,10078.536,747.296,0.100,0.008,86053.367,5739.762,0.012,0.001,16233.582,1120.385,0.062,0.005,28113.186,2047.011,0.036,0.003
claix23,beeond,65536,4,2,1000,10601.833,477.945,0.095,0.005,89879.482,5552.082,0.011,0.001,16363.284,758.106,0.061,0.003,28926.921,1711.136,0.035,0.002
claix23,beeond,262144,4,2,1000,7687.704,263.463,0.130,0.005,84622.481,8431.976,0.012,0.001,11932.386,340.609,0.084,0.002,28165.446,1486.474,0.036,0.002
claix23,beeond,262144,4,2,1000,7744.953,350.369,0.129,0.006,87889.820,3421.551,0.011,0.000,12474.358,417.535,0.080,0.003,29021.709,1657.733,0.035,0.002
claix23,beeond,1048576,4,2,1000,4587.359,674.026,0.222,0.032,79388.742,5056.361,0.013,0.001,7150.768,1003.334,0.142,0.020,26533.920,996.505,0.038,0.001
claix23,beeond,1048576,4,2,1000,4783.863,614.720,0.212,0.027,77927.482,9679.002,0.013,0.002,6955.269,991.289,0.146,0.020,25601.441,2021.092,0.039,0.003
claix23,beeond,4194304,4,2,1000,1933.247,92.283,0.518,0.024,73878.026,9617.034,0.014,0.002,2824.984,183.102,0.355,0.022,22280.011,4203.584,0.047,0.012
claix23,beeond,16777216,4,2,1000,588.910,43.026,1.708,0.148,71144.574,11464.173,0.014,0.003,911.215,110.555,1.118,0.193,8813.233,2534.235,0.130,0.071
claix23,beeond,67108864,4,2,1000,172.124,1.699,5.810,0.057,74606.993,12204.323,0.014,0.002,209.409,2.251,4.776,0.052,3034.428,472.339,0.336,0.047
claix23,beeond,268435456,4,2,1000,42.337,2.802,23.721,1.701,73616.887,7851.401,0.014,0.002,56.218,1.943,17.808,0.655,897.893,159.245,1.144,0.189
claix23,beeond,1,4,4,1000,11005.336,996.529,0.092,0.009,77273.381,10056.431,0.013,0.002,16645.051,723.242,0.060,0.003,30008.912,1011.758,0.033,0.001
claix23,beeond,4,4,4,1000,11752.366,539.751,0.085,0.004,87005.055,6126.241,0.012,0.001,18414.971,1066.144,0.054,0.003,30715.200,2406.687,0.033,0.003
claix23,beeond,16,4,4,1000,11135.423,2255.598,0.096,0.034,84376.080,9579.001,0.012,0.002,18646.302,1154.116,0.054,0.003,31140.208,1700.349,0.032,0.002
claix23,beeond,64,4,4,1000,11959.820,642.901,0.084,0.005,84729.318,9003.158,0.012,0.002,19246.296,717.198,0.052,0.002,31801.221,1506.151,0.032,0.002
claix23,beeond,256,4,4,1000,11983.657,451.197,0.084,0.003,81756.049,7433.075,0.012,0.001,19100.620,956.159,0.052,0.003,32424.435,1145.341,0.031,0.001
claix23,beeond,1024,4,4,1000,11485.919,1058.042,0.088,0.009,77088.465,14785.062,0.014,0.004,17567.154,1519.885,0.057,0.005,30013.424,1254.568,0.033,0.001
claix23,beeond,4096,4,4,1000,12457.742,527.823,0.080,0.004,87160.404,4208.089,0.011,0.001,18747.194,780.970,0.053,0.002,32624.207,1129.091,0.031,0.001
claix23,beeond,16384,4,4,1000,12578.988,691.932,0.080,0.005,86357.535,9147.047,0.012,0.001,19349.047,571.753,0.052,0.002,32858.660,1711.588,0.031,0.002
claix23,beeond,65536,4,4,1000,10552.207,918.663,0.095,0.009,84434.888,4481.894,0.012,0.001,16361.873,574.761,0.061,0.002,31723.759,1711.170,0.032,0.002
claix23,beeond,262144,4,4,1000,7765.309,985.185,0.131,0.018,69975.188,12745.052,0.015,0.003,11397.593,1552.882,0.089,0.012,27781.375,1905.492,0.036,0.003
claix23,beeond,1048576,4,4,1000,4558.940,958.384,0.231,0.062,68771.881,7711.101,0.015,0.002,6829.100,1139.285,0.151,0.034,27085.318,1545.543,0.037,0.002
claix23,beeond,4194304,4,4,1000,2680.364,142.532,0.374,0.020,67921.481,13791.697,0.015,0.003,3170.789,160.151,0.316,0.016,25074.453,1546.762,0.040,0.003
claix23,beeond,16777216,4,4,1000,866.271,148.038,1.209,0.356,73387.116,15368.104,0.014,0.003,968.032,123.357,1.055,0.195,14280.991,4443.853,0.089,0.075
claix23,beeond,67108864,4,4,1000,237.059,4.016,4.219,0.072,65503.847,12922.143,0.016,0.003,251.336,4.759,3.980,0.078,6240.389,3525.332,0.190,0.066
claix23,beeond,268435456,4,4,1000,68.293,0.552,14.644,0.118,75609.885,9892.931,0.013,0.002,69.833,0.684,14.321,0.143,1495.771,237.112,0.685,0.117
claix23,beeond,50331648,96,1,96,215.394,13.140,0.447,0.029,20382.955,19345.845,0.012,0.008,196.154,8.949,0.490,0.024,1150.037,186.768,0.085,0.013
claix23,beeond,25165824,96,1,192,405.982,12.833,0.473,0.015,40356.603,13442.340,0.011,0.020,397.856,11.300,0.483,0.014,2365.567,146.066,0.081,0.005
claix23,beeond,10066329,96,1,480,1030.364,76.443,0.468,0.036,39400.583,8642.856,0.013,0.004,1025.900,60.530,0.469,0.028,5154.883,344.219,0.094,0.007
claix23,beeond,5033164,96,1,960,1977.183,92.026,0.487,0.023,41821.714,6569.417,0.024,0.006,1898.121,119.041,0.508,0.031,6368.964,225.803,0.151,0.005
claix23,beeond,2396745,96,1,2016,2650.094,49.642,0.761,0.014,41262.759,1344.852,0.049,0.002,3771.862,190.127,0.536,0.026,6950.943,169.837,0.290,0.007
claix23,beeond,1198372,96,1,4032,4046.616,155.666,0.998,0.041,58391.145,16712.532,0.074,0.021,6958.053,319.265,0.581,0.027,7170.575,80.950,0.562,0.006
claix23,beeond,592137,96,1,8160,5008.013,1021.634,1.761,0.718,42638.424,1321.048,0.192,0.006,9299.427,272.556,0.878,0.025,7461.687,199.739,1.094,0.029
claix23,beeond,296068,96,1,16320,5971.662,134.026,2.734,0.061,44842.055,5263.617,0.368,0.042,9436.694,1434.965,1.788,0.430,7516.029,407.564,2.177,0.119
claix23,beeond,147600,96,1,32736,5953.840,108.038,5.500,0.098,43581.017,2347.054,0.753,0.042,10188.933,191.650,3.214,0.061,6756.468,1004.925,4.968,0.917
claix23,beeond,73800,96,1,65472,5886.214,58.344,11.124,0.110,41238.055,2430.485,1.593,0.099,10280.660,803.879,6.412,0.623,6713.480,702.537,9.853,1.070
claix23,beeond,36873,96,1,131040,5966.441,49.356,21.964,0.181,40641.366,2295.901,3.235,0.205,10308.718,647.449,12.764,0.925,6416.713,292.714,20.458,0.876
claix23,beeond,18436,96,1,262080,5724.996,97.716,45.790,0.772,39346.667,2845.559,6.697,0.557,10413.005,119.148,25.171,0.285,6951.671,252.482,37.744,1.334
claix23,beeond,9216,96,1,524256,5798.408,72.523,90.427,1.133,39789.681,1941.522,13.205,0.666,10585.809,91.960,49.528,0.428,6901.542,144.385,75.993,1.640
claix23,beeond,1,1000,20,1000,8144.530,17060.927,15.136,7.964,61468.525,26985.644,0.020,0.013,45172.555,15643.541,0.024,0.008,64633.269,30267.777,0.022,0.020
claix23,beeond,4,1000,20,1000,4063.160,12681.629,17.023,5.973,65813.104,24619.783,0.019,0.014,36051.278,9795.760,0.031,0.016,70660.323,33620.291,0.021,0.019
claix23,beeond,16,1000,20,1000,1350.745,4104.439,17.051,5.964,55372.829,28330.704,0.022,0.011,36843.184,10805.080,0.030,0.013,66839.510,31244.100,0.023,0.023
claix23,beeond,64,1000,20,1000,3541.830,11033.220,17.042,5.978,61108.311,31300.988,0.023,0.017,39570.103,8131.536,0.026,0.007,65589.144,31881.991,0.022,0.017
claix23,beeond,256,1000,20,1000,18528.078,24637.829,11.356,9.755,68721.911,28535.755,0.017,0.009,40757.739,4127.054,0.025,0.002,65572.295,32012.359,0.020,0.011
claix23,beeond,1024,1000,20,1000,9710.945,20584.425,15.149,7.973,58681.637,24442.732,0.021,0.011,40116.160,10773.830,0.028,0.015,62435.363,34080.550,0.020,0.009
claix23,beeond,4096,1000,20,1000,3874.725,12085.845,17.034,5.976,59134.448,29087.195,0.021,0.012,41030.254,11767.756,0.026,0.007,72169.233,29755.791,0.019,0.018
claix23,beeond,16384,1000,20,1000,7691.755,16367.767,15.243,8.028,55167.353,31676.689,0.023,0.011,42331.524,17675.496,0.027,0.012,67583.809,33491.807,0.022,0.019
claix23,beeond,65536,1000,20,1000,52.842,0.131,18.924,0.047,53392.673,19236.271,0.022,0.012,34931.901,9887.583,0.034,0.022,65503.332,27917.940,0.020,0.014
claix23,beeond,262144,1000,20,1000,4016.503,12534.467,17.062,5.987,55606.352,27023.644,0.022,0.010,36261.725,16449.452,0.032,0.011,69585.297,30352.303,0.019,0.015
claix23,beeond,1048576,1000,20,1000,9937.415,21296.970,15.149,7.973,64290.456,26254.854,0.020,0.015,34155.550,12790.837,0.034,0.015,58356.968,15530.316,0.018,0.005
claix23,lustre,1,1,1,1000,3727.262,161.104,0.269,0.012,3686.456,204.690,0.272,0.015,4071.690,188.164,0.246,0.012,3229.739,126.584,0.310,0.013
claix23,lustre,1,1,1,1000,4248.406,80.171,0.235,0.005,4692.128,169.515,0.213,0.007,4762.393,266.436,0.211,0.012,3781.093,26.096,0.264,0.002
claix23,lustre,4,1,1,1000,3249.654,984.171,0.370,0.240,3083.322,925.791,0.385,0.237,4149.216,246.453,0.242,0.016,2908.060,422.778,0.353,0.073
claix23,lustre,4,1,1,1000,3927.714,61.010,0.255,0.004,4260.023,201.100,0.235,0.012,4257.006,174.477,0.235,0.010,3524.823,32.274,0.284,0.003
claix23,lustre,16,1,1,1000,3022.653,833.871,0.398,0.280,3247.844,845.490,0.341,0.147,3764.116,371.822,0.268,0.030,2786.656,438.566,0.369,0.072
claix23,lustre,16,1,1,1000,3844.038,55.191,0.260,0.004,4225.898,108.043,0.237,0.006,4289.237,223.209,0.234,0.013,3440.613,51.648,0.291,0.004
claix23,lustre,64,1,1,1000,3888.165,138.107,0.257,0.009,3593.732,152.505,0.279,0.011,4357.729,127.718,0.230,0.007,3341.690,72.161,0.299,0.006
claix23,lustre,64,1,1,1000,3881.214,22.001,0.258,0.001,4150.447,147.306,0.241,0.008,4286.052,87.387,0.233,0.005,3343.909,53.375,0.299,0.005
claix23,lustre,256,1,1,1000,3561.810,252.282,0.282,0.021,4105.884,200.122,0.244,0.011,4117.320,190.245,0.243,0.011,3183.793,131.324,0.315,0.013
claix23,lustre,256,1,1,1000,4241.373,116.302,0.236,0.007,4047.669,139.188,0.247,0.008,4841.926,64.404,0.207,0.003,3549.454,53.732,0.282,0.004
claix23,lustre,256,1,1,1000,3839.116,200.920,0.261,0.014,3976.594,124.885,0.252,0.008,4790.497,179.280,0.209,0.008,3551.760,73.971,0.282,0.006
claix23,lustre,512,1,1,1000,3834.379,155.639,0.261,0.011,3838.535,116.485,0.261,0.008,4581.814,174.576,0.219,0.008,3446.979,65.328,0.290,0.005
claix23,lustre,1024,1,1,1000,3699.133,106.103,0.271,0.008,4011.118,217.027,0.250,0.013,4202.809,172.326,0.238,0.010,3148.227,157.995,0.318,0.017
claix23,lustre,1024,1,1,1000,4268.023,100.088,0.234,0.006,4474.773,121.403,0.224,0.006,4778.147,171.668,0.210,0.008,3581.191,52.240,0.279,0.004
claix23,lustre,1024,1,1,1000,3948.088,152.575,0.254,0.010,3841.942,126.463,0.261,0.009,4613.899,210.239,0.217,0.010,3459.455,121.191,0.289,0.010
claix23,lustre,2048,1,1,1000,3925.196,269.071,0.256,0.020,3766.040,492.195,0.271,0.051,4621.042,211.414,0.217,0.010,3505.510,119.906,0.286,0.010
claix23,lustre,2048,1,1,1000,2549.792,421.648,0.405,0.088,9721.100,81.799,0.103,0.001,4855.991,163.572,0.206,0.008,6246.900,154.352,0.160,0.004
claix23,lustre,4096,1,1,1000,3920.328,83.105,0.255,0.006,4275.839,190.392,0.234,0.011,4273.671,251.332,0.235,0.016,3460.321,22.686,0.289,0.002
claix23,lustre,4096,1,1,1000,3874.528,59.563,0.258,0.004,3492.415,176.748,0.287,0.014,4170.000,68.799,0.240,0.004,3281.163,101.864,0.305,0.010
claix23,lustre,4096,1,1,1000,3900.539,199.430,0.257,0.013,3515.603,189.558,0.285,0.015,4583.381,301.425,0.219,0.015,3478.785,137.124,0.288,0.012
claix23,lustre,4096,1,1,1000,2512.241,402.909,0.410,0.081,9653.885,505.818,0.104,0.005,4780.414,142.354,0.209,0.006,6164.092,131.982,0.162,0.004
claix23,lustre,8192,1,1,1000,3902.545,250.963,0.257,0.016,3395.424,166.880,0.295,0.015,4519.852,295.221,0.222,0.015,3442.045,96.414,0.291,0.008
claix23,lustre,8192,1,1,1000,2632.132,58.064,0.380,0.008,8744.659,642.741,0.115,0.009,4455.726,104.707,0.225,0.005,6094.014,162.305,0.164,0.004
claix23,lustre,8192,1,1,1000,2585.139,60.158,0.387,0.009,8934.898,364.266,0.112,0.005,4593.322,155.975,0.218,0.008,6045.517,151.592,0.166,0.004
claix23,lustre,16384,1,1,1000,3439.173,189.880,0.292,0.016,3725.996,171.842,0.269,0.013,3849.608,161.568,0.260,0.011,2917.775,247.994,0.345,0.035
claix23,lustre,16384,1,1,1000,4115.571,129.887,0.243,0.007,4420.555,190.343,0.227,0.010,4668.519,87.303,0.214,0.004,3466.685,60.432,0.289,0.005
claix23,lustre,16384,1,1,1000,3811.773,150.004,0.263,0.010,3452.140,107.372,0.290,0.009,4502.659,220.940,0.223,0.011,3336.909,122.365,0.300,0.011
claix23,lustre,16384,1,1,1000,2522.798,210.083,0.399,0.041,8446.562,527.894,0.119,0.008,4422.860,62.489,0.226,0.003,5813.895,109.955,0.172,0.003
claix23,lustre,16384,1,1,1000,2594.770,56.452,0.386,0.009,9221.593,434.236,0.109,0.006,4675.691,58.768,0.214,0.003,6069.605,195.309,0.165,0.006
claix23,lustre,32768,1,1,1000,3738.479,168.121,0.268,0.012,3373.703,137.002,0.297,0.012,4470.028,207.927,0.224,0.010,3358.054,94.356,0.298,0.008
claix23,lustre,32768,1,1,1000,2471.414,184.003,0.407,0.036,8666.999,386.138,0.116,0.005,4356.837,107.513,0.230,0.006,5698.005,371.261,0.176,0.014
claix23,lustre,32768,1,1,1000,2624.179,75.166,0.381,0.011,9701.328,549.737,0.103,0.006,4854.004,131.552,0.206,0.006,6009.771,367.344,0.167,0.011
claix23,lustre,65536,1,1,1000,3358.705,53.408,0.298,0.005,3679.688,97.019,0.272,0.007,3988.399,114.337,0.251,0.007,3132.982,38.108,0.319,0.004
claix23,lustre,65536,1,1,1000,3806.419,81.885,0.263,0.006,4772.226,149.196,0.210,0.007,4688.324,130.938,0.213,0.006,3637.456,89.261,0.275,0.007
claix23,lustre,65536,1,1,1000,3685.564,150.379,0.272,0.011,4981.866,171.945,0.201,0.007,4389.134,116.181,0.228,0.006,3609.285,109.982,0.277,0.009
claix23,lustre,65536,1,1,1000,3471.680,221.108,0.289,0.019,3426.863,162.914,0.292,0.014,4390.122,230.965,0.228,0.012,3351.034,111.773,0.299,0.010
claix23,lustre,65536,1,1,1000,2355.840,185.570,0.427,0.041,8554.433,233.410,0.117,0.003,4281.983,108.828,0.234,0.006,5566.224,182.963,0.180,0.006
claix23,lustre,65536,1,1,1000,2555.482,99.419,0.392,0.015,9728.367,442.989,0.103,0.004,4637.656,198.000,0.216,0.010,5787.694,226.944,0.173,0.007
claix23,lustre,131072,1,1,1000,2249.537,55.654,0.445,0.011,8607.135,472.349,0.117,0.007,4153.765,101.134,0.241,0.006,5177.014,147.669,0.193,0.006
claix23,lustre,131072,1,1,1000,2280.648,273.596,0.446,0.074,9685.137,306.228,0.103,0.003,4423.127,135.140,0.226,0.007,5482.541,295.960,0.183,0.009
claix23,lustre,262144,1,1,1000,59.656,65.436,29.068,12.498,4116.694,1421.469,0.294,0.185,1530.401,405.236,0.690,0.156,3616.948,698.931,0.290,0.075
claix23,lustre,262144,1,1,1000,1973.321,156.650,0.510,0.050,8724.311,251.166,0.115,0.003,3885.054,112.037,0.258,0.008,4616.230,61.847,0.217,0.003
claix23,lustre,262144,1,1,1000,2083.723,63.477,0.480,0.015,9602.944,338.973,0.104,0.003,4298.323,93.155,0.233,0.005,4786.754,238.706,0.209,0.010
claix23,lustre,524288,1,1,1000,1577.493,93.355,0.636,0.043,8629.150,273.141,0.116,0.004,3410.294,76.169,0.293,0.007,3647.928,116.105,0.274,0.009
claix23,lustre,524288,1,1,1000,1658.645,31.580,0.603,0.011,9545.847,418.285,0.105,0.004,3751.401,93.869,0.267,0.007,3835.660,69.926,0.261,0.005
claix23,lustre,1048576,1,1,1000,336.085,86.646,3.203,1.001,3274.456,106.692,0.306,0.010,2412.907,253.380,0.419,0.048,1909.258,51.794,0.524,0.014
claix23,lustre,1048576,1,1,1000,737.317,38.716,1.360,0.077,4143.068,109.842,0.242,0.006,2456.127,55.501,0.407,0.009,1902.987,92.219,0.527,0.026
claix23,lustre,1048576,1,1,1000,1129.581,64.056,0.888,0.058,8612.193,98.905,0.116,0.001,2727.668,40.204,0.367,0.005,2741.936,35.930,0.365,0.005
claix23,lustre,1048576,1,1,1000,1153.603,75.128,0.871,0.066,9471.340,164.729,0.106,0.002,2954.694,27.372,0.338,0.003,2804.858,94.548,0.357,0.012
claix23,lustre,2097152,1,1,1000,722.870,42.831,1.388,0.090,9495.296,250.903,0.105,0.003,2075.011,30.695,0.482,0.007,1828.577,139.982,0.549,0.036
claix23,lustre,4194304,1,1,1000,337.527,10.521,2.965,0.092,4193.415,73.237,0.239,0.004,1159.970,12.132,0.862,0.009,1021.906,72.563,0.983,0.065
claix23,lustre,4194304,1,1,1000,180.567,161.228,18.411,16.220,2535.464,979.109,0.457,0.183,1220.438,123.897,0.827,0.084,1276.227,274.182,0.815,0.165
claix23,lustre,4194304,1,1,1000,412.499,70.307,2.507,0.540,9357.255,416.473,0.107,0.005,1391.439,15.757,0.719,0.008,1134.771,111.591,0.888,0.080
claix23,lustre,8388608,1,1,1000,220.310,13.449,4.555,0.286,9302.210,361.321,0.108,0.004,845.432,3.535,1.183,0.005,643.574,43.479,1.560,0.099
claix23,lustre,16777216,1,1,1000,35.758,23.048,32.856,8.818,2114.354,1244.464,0.580,0.210,362.849,19.332,2.763,0.145,415.036,83.893,2.505,0.532
claix23,lustre,16777216,1,1,1000,69.597,43.250,21.854,13.530,2580.370,1037.083,0.465,0.218,437.718,28.692,2.294,0.162,385.640,51.891,2.630,0.309
claix23,lustre,16777216,1,1,1000,125.782,1.524,7.951,0.096,9408.225,402.288,0.106,0.004,468.670,1.796,2.134,0.008,515.965,5.133,1.938,0.019
claix23,lustre,33554432,1,1,1000,61.048,1.998,16.398,0.583,9344.389,234.101,0.107,0.003,49.053,1.662,20.407,0.692,452.484,10.922,2.211,0.055
claix23,lustre,1,4,2,1000,12778.002,201.607,0.078,0.001,8995.416,564.973,0.112,0.007,8392.689,755.556,0.120,0.012,9650.197,345.253,0.104,0.004
claix23,lustre,4,4,2,1000,12636.554,367.465,0.079,0.002,9064.420,253.489,0.110,0.003,8338.284,674.878,0.121,0.010,9378.544,455.007,0.107,0.005
claix23,lustre,16,4,2,1000,13288.539,918.633,0.076,0.006,9551.801,233.513,0.105,0.003,9263.453,225.496,0.108,0.003,10077.381,172.564,0.099,0.002
claix23,lustre,64,4,2,1000,13995.555,544.551,0.072,0.003,9726.693,292.090,0.103,0.003,9563.506,292.836,0.105,0.003,10459.088,624.658,0.096,0.007
claix23,lustre,256,4,2,1000,13964.576,417.203,0.072,0.002,9486.648,199.461,0.105,0.002,9067.540,447.262,0.111,0.006,10145.549,717.873,0.099,0.008
claix23,lustre,1024,4,2,1000,14724.329,887.601,0.068,0.005,9621.415,464.561,0.104,0.005,9462.007,620.412,0.106,0.007,10624.370,553.917,0.094,0.006
claix23,lustre,4096,4,2,1000,14722.846,788.010,0.068,0.004,9324.563,583.831,0.108,0.007,9476.905,561.252,0.106,0.007,10382.014,684.396,0.097,0.007
claix23,lustre,16384,4,2,1000,12750.257,747.345,0.079,0.005,8484.567,706.002,0.119,0.011,8609.495,355.390,0.116,0.005,10038.647,617.491,0.100,0.007
claix23,lustre,65536,4,2,1000,12310.157,314.718,0.081,0.002,7384.538,751.360,0.137,0.018,7276.872,209.617,0.138,0.004,9774.895,133.239,0.102,0.001
claix23,lustre,262144,4,2,1000,2644.734,637.068,0.406,0.134,6986.534,1724.187,0.158,0.070,7649.094,1123.747,0.134,0.023,8104.041,310.811,0.124,0.005
claix23,lustre,1048576,4,2,1000,2101.189,220.635,0.481,0.053,7734.342,413.333,0.130,0.007,6615.367,621.497,0.152,0.013,7701.364,1743.077,0.145,0.074
claix23,lustre,1,4,2,4000,12182.635,321.031,0.329,0.009,22777.020,2497.746,0.178,0.020,12841.970,342.579,0.312,0.009,10190.065,154.461,0.393,0.006
claix23,lustre,4,4,2,4000,11459.879,775.613,0.351,0.026,22939.046,3364.860,0.178,0.028,12281.279,539.486,0.326,0.015,9752.911,291.115,0.410,0.012
claix23,lustre,16,4,2,4000,12212.312,1177.555,0.331,0.035,24895.034,2779.380,0.163,0.018,13532.222,1206.571,0.298,0.031,10509.707,613.689,0.382,0.026
claix23,lustre,64,4,2,4000,13230.188,497.930,0.303,0.012,26325.532,2961.568,0.154,0.020,14565.985,375.998,0.275,0.007,10885.689,262.893,0.368,0.009
claix23,lustre,256,4,2,4000,12287.744,310.695,0.326,0.008,23929.935,4205.716,0.173,0.035,13177.861,549.096,0.304,0.014,10214.145,150.856,0.392,0.006
claix23,lustre,1024,4,2,4000,12295.415,272.505,0.325,0.007,23946.155,3425.296,0.171,0.029,13098.984,1132.542,0.308,0.032,9947.922,469.049,0.403,0.020
claix23,lustre,4096,4,2,4000,12561.228,447.477,0.319,0.012,23295.122,2428.236,0.173,0.018,11922.850,474.326,0.336,0.013,10261.653,511.092,0.391,0.022
claix23,lustre,16384,4,2,4000,12933.878,199.636,0.309,0.005,25644.205,3779.015,0.160,0.027,12289.184,419.110,0.326,0.011,10686.330,939.862,0.378,0.041
claix23,lustre,65536,4,2,4000,10185.707,485.696,0.394,0.020,22715.111,2469.213,0.178,0.023,8156.686,477.355,0.492,0.032,9393.329,665.431,0.428,0.034
claix23,lustre,262144,4,2,4000,3617.210,485.354,1.125,0.157,11796.512,1842.967,0.348,0.068,8489.866,997.632,0.479,0.074,8696.854,885.547,0.465,0.053
claix23,lustre,1048576,4,2,4000,2414.228,365.112,1.693,0.271,9641.018,3069.427,0.459,0.159,6702.034,1025.087,0.613,0.118,9335.804,186.021,0.429,0.008
claix23,lustre,1,8,4,1000,24442.769,4088.171,0.042,0.009,14953.555,256.681,0.067,0.001,7723.845,516.073,0.130,0.009,18009.273,148.548,0.056,0.000
claix23,lustre,4,8,4,1000,25614.667,1694.883,0.039,0.003,14711.618,819.683,0.068,0.004,7812.150,267.422,0.128,0.004,17147.809,984.249,0.059,0.004
claix23,lustre,16,8,4,1000,26790.567,1925.809,0.038,0.003,15566.890,288.078,0.064,0.001,7890.736,721.089,0.128,0.012,18252.489,309.286,0.055,0.001
claix23,lustre,64,8,4,1000,25506.249,2228.199,0.040,0.004,14869.255,703.812,0.067,0.004,7598.962,655.071,0.133,0.012,17792.673,188.608,0.056,0.001
claix23,lustre,256,8,4,1000,24471.705,1305.535,0.041,0.002,13879.326,574.641,0.072,0.003,7387.042,539.548,0.136,0.011,14714.232,1929.325,0.069,0.010
claix23,lustre,1024,8,4,1000,27107.697,684.653,0.037,0.001,15286.828,223.533,0.065,0.001,8086.787,214.921,0.124,0.003,17741.661,184.103,0.056,0.001
claix23,lustre,4096,8,4,1000,25506.708,3735.413,0.040,0.009,15173.939,1689.011,0.067,0.010,7627.944,940.606,0.134,0.022,17828.995,324.320,0.056,0.001
claix23,lustre,16384,8,4,1000,22715.653,1555.103,0.044,0.003,14342.747,868.980,0.070,0.005,6757.560,596.665,0.149,0.015,16664.910,1336.180,0.060,0.005
claix23,lustre,65536,8,4,1000,22238.882,1473.356,0.045,0.003,13907.805,1647.670,0.073,0.012,5462.839,279.264,0.183,0.010,16450.223,1280.713,0.061,0.006
claix23,lustre,262144,8,4,1000,5323.784,2165.806,0.220,0.092,10456.399,6792.589,0.153,0.099,2673.000,175.685,0.376,0.026,13236.263,560.993,0.076,0.003
claix23,lustre,1048576,8,4,1000,4182.843,865.152,0.250,0.060,16925.079,1085.868,0.059,0.004,1578.305,215.983,0.645,0.094,12538.439,594.301,0.080,0.004
claix23,lustre,50331648,96,1,96,373.394,121.872,0.306,0.181,205098.875,137325.587,0.001,0.001,1269.502,332.891,0.087,0.051,203.309,1.891,0.472,0.004
claix23,lustre,25165824,96,1,192,871.149,295.384,0.272,0.173,263882.954,144782.130,0.001,0.002,3370.950,73.118,0.057,0.001,407.759,1.787,0.471,0.002
claix23,lustre,10066329,96,1,480,1883.877,457.213,0.269,0.067,456856.012,86818.480,0.001,0.000,9226.175,138.900,0.052,0.001,1030.226,8.346,0.466,0.004
claix23,lustre,5033164,96,1,960,3681.420,619.274,0.269,0.054,520194.432,32922.151,0.002,0.000,17694.585,6038.695,0.224,0.553,1931.417,342.833,0.524,0.166
claix23,lustre,2396745,96,1,2016,3575.948,107.740,0.564,0.017,60406.047,11778.696,0.036,0.012,33699.123,1712.570,0.060,0.003,3045.512,147.163,0.663,0.034
claix23,lustre,1198372,96,1,4032,3760.786,209.887,1.075,0.055,63802.661,3423.240,0.063,0.003,33720.773,1595.214,0.120,0.006,2722.154,93.307,1.483,0.051
claix23,lustre,592137,96,1,8160,3097.028,460.621,2.721,0.642,68101.159,1668.118,0.120,0.003,35772.836,1736.386,0.229,0.012,2396.016,36.525,3.406,0.053
claix23,lustre,296068,96,1,16320,3585.830,421.365,4.631,0.757,68584.755,2609.085,0.238,0.010,36946.270,1362.920,0.442,0.017,2654.285,209.984,6.192,0.604
claix23,lustre,147600,96,1,32736,3626.812,212.865,9.059,0.618,61156.334,16458.263,0.667,0.545,36046.865,1030.673,0.909,0.027,2917.489,206.924,11.277,0.881
claix23,lustre,73800,96,1,65472,3441.597,176.717,19.071,1.017,66938.656,2802.435,0.980,0.043,36543.525,678.629,1.792,0.034,3017.331,123.774,21.732,0.904
claix23,lustre,36873,96,1,131040,3229.517,478.682,41.174,4.490,66404.241,1885.227,1.975,0.054,30937.137,2933.593,4.279,0.509,2959.492,60.579,44.294,0.900
claix23,lustre,18436,96,1,262080,3578.157,179.054,73.398,3.420,59640.856,5239.399,4.429,0.440,29377.797,3124.231,9.019,1.027,3094.193,58.589,84.728,1.608
claix23,lustre,9216,96,1,524256,3389.512,122.667,154.862,5.887,52960.162,4319.558,9.964,0.882,19565.018,4983.214,29.031,10.121,2935.300,120.682,178.893,7.821
claix23,lustre,1,1000,20,1000,44371.446,5465.885,0.023,0.003,34956.173,4469.462,0.029,0.004,20533.044,5680.998,0.059,0.041,28475.594,1932.289,0.035,0.002
claix23,lustre,4,1000,20,1000,52573.165,4267.169,0.019,0.002,40533.114,5862.267,0.025,0.004,27294.242,3763.479,0.037,0.007,21927.982,9058.659,0.059,0.039
claix23,lustre,16,1000,20,1000,53703.601,1226.137,0.019,0.000,42671.138,4576.669,0.024,0.003,27597.346,4520.950,0.038,0.010,34579.935,870.016,0.029,0.001
claix23,lustre,64,1000,20,1000,43909.593,3824.381,0.023,0.002,38089.921,6817.718,0.027,0.005,26857.689,2936.168,0.038,0.005,28076.162,7809.899,0.041,0.023
claix23,lustre,256,1000,20,1000,50997.812,7019.900,0.020,0.004,40481.613,6361.992,0.025,0.004,24799.592,8169.301,0.060,0.070,28762.363,8441.103,0.045,0.039
claix23,lustre,1024,1000,20,1000,49721.134,4338.610,0.020,0.002,39107.176,6201.086,0.026,0.006,22952.188,7136.509,0.053,0.035,29057.137,5055.415,0.036,0.007
claix23,lustre,4096,1000,20,1000,52110.371,4947.138,0.019,0.002,40343.018,6878.160,0.026,0.006,25703.010,7824.464,0.059,0.075,26746.238,8895.574,0.045,0.028
claix23,lustre,16384,1000,20,1000,45195.658,5100.225,0.022,0.003,37596.786,3913.691,0.027,0.003,23000.378,1203.963,0.044,0.002,29271.387,1780.037,0.034,0.002
claix23,lustre,65536,1000,20,1000,43614.055,5760.487,0.023,0.003,35086.013,3776.113,0.029,0.003,13980.440,4044.783,0.084,0.052,23887.186,3872.087,0.043,0.008
claix23,lustre,262144,1000,20,1000,13906.925,6329.141,0.327,0.796,26056.063,12464.967,0.055,0.041,12847.964,4078.470,0.104,0.099,17340.298,2392.124,0.059,0.008
claix23,lustre,1048576,1000,20,1000,15006.723,5233.711,0.080,0.048,30828.350,12056.184,0.049,0.056,9899.587,3466.354,0.118,0.056,21614.446,1173.446,0.046,0.002
claix23,tmp,1,1,1,1000,109763.213,5675.007,0.009,0.001,1114198.826,59751.560,0.001,0.000,414182.845,17074.905,0.002,0.000,147710.893,2679.594,0.007,0.000
claix23,tmp,4,1,1,1000,113174.412,3035.286,0.009,0.000,1178510.295,91543.067,0.001,0.000,412841.784,17811.724,0.002,0.000,149490.904,1437.523,0.007,0.000
claix23,tmp,16,1,1,1000,111413.208,7594.342,0.009,0.001,1194319.461,96697.817,0.001,0.000,425490.468,27222.506,0.002,0.000,148249.916,2525.367,0.007,0.000
claix23,tmp,64,1,1,1000,112465.410,17597.488,0.009,0.002,1231689.104,95008.613,0.001,0.000,443056.509,28762.534,0.002,0.000,149846.040,3557.016,0.007,0.000
claix23,tmp,256,1,1,1000,108168.173,6504.175,0.009,0.001,1191787.618,107510.780,0.001,0.000,408587.488,19890.093,0.002,0.000,149046.413,2652.871,0.007,0.000
claix23,tmp,1024,1,1,1000,114976.975,21876.494,0.009,0.003,1272536.899,148546.275,0.001,0.000,440267.637,28627.393,0.002,0.000,150195.151,1719.743,0.007,0.000
claix23,tmp,4096,1,1,1000,115496.773,20412.538,0.009,0.002,1167771.992,149291.299,0.001,0.000,415073.559,37426.724,0.002,0.000,147656.563,1895.003,0.007,0.000
claix23,tmp,16384,1,1,1000,92788.829,6916.932,0.011,0.001,1174411.579,144728.171,0.001,0.000,278883.357,24560.052,0.004,0.000,130105.051,2307.383,0.008,0.000
claix23,tmp,65536,1,1,1000,45956.617,1569.005,0.022,0.001,1148669.054,72273.032,0.001,0.000,104954.844,3652.066,0.010,0.000,92903.125,2708.558,0.011,0.000
claix23,tmp,262144,1,1,1000,15974.792,850.873,0.063,0.004,1052669.107,56416.075,0.001,0.000,32844.982,683.638,0.030,0.001,48785.282,1192.898,0.021,0.001
claix23,tmp,1048576,1,1,1000,4219.686,43.059,0.237,0.002,1053071.104,25756.862,0.001,0.000,8310.252,53.297,0.120,0.001,16333.086,2310.804,0.063,0.014
claix23,tmp,4194304,1,1,1000,1084.549,23.081,0.922,0.021,1034401.622,20801.081,0.001,0.000,2094.895,5.121,0.477,0.001,5038.311,37.935,0.198,0.001
claix23,tmp,16777216,1,1,1000,270.510,2.384,3.697,0.033,1059795.733,40079.365,0.001,0.000,519.647,1.104,1.924,0.004,1307.748,9.740,0.765,0.006
claix23,tmp,67108864,1,1,1000,57.195,0.077,17.484,0.024,980143.774,16853.414,0.001,0.000,93.719,0.261,10.670,0.030,140.393,9.390,7.153,0.506
claix23,tmp,4194304,50,1,1000,20256.703,1446.825,0.050,0.003,20712365.642,6375648.171,0.000,0.000,30963.160,549.858,0.032,0.001,50018.635,464.922,0.020,0.000
claix23,tmp,16777216,50,1,1000,4720.914,246.877,0.212,0.010,22186645.239,1904829.432,0.000,0.000,4891.327,55.846,0.204,0.002,12747.774,64.267,0.078,0.000
claix23,tmp,67108864,50,1,1000,1044.496,82.390,0.962,0.070,20108838.228,1622454.040,0.000,0.000,1177.393,2.370,0.849,0.002,3003.892,232.494,0.335,0.027
claix23,tmp,1,50,1,50000,111173.869,12178.048,0.456,0.062,41123451.122,359061.184,0.001,0.000,1346699.102,45525.820,0.037,0.001,86021.928,3668.361,0.582,0.026
claix23,tmp,4,50,1,50000,116427.347,6299.782,0.431,0.025,41338554.014,327042.177,0.001,0.000,1318562.254,37623.040,0.038,0.001,82062.982,11235.684,0.623,0.112
claix23,tmp,16,50,1,50000,115531.977,5553.397,0.434,0.021,41418731.919,669182.501,0.001,0.000,1328668.581,31807.415,0.038,0.001,87035.575,2068.661,0.575,0.014
claix23,tmp,64,50,1,50000,113544.932,8565.924,0.443,0.034,41332729.575,631777.645,0.001,0.000,1323316.570,31327.460,0.038,0.001,87187.479,1886.133,0.574,0.013
claix23,tmp,256,50,1,50000,118005.054,3114.285,0.424,0.011,41598664.966,885764.889,0.001,0.000,1280451.455,33985.245,0.039,0.001,84622.003,2303.214,0.591,0.017
claix23,tmp,1024,50,1,50000,116775.262,6308.482,0.429,0.026,40857954.170,760397.311,0.001,0.000,1265901.448,47536.624,0.040,0.001,76708.170,20935.539,0.813,0.664
claix23,tmp,4096,50,1,50000,118178.043,6047.617,0.424,0.022,41310204.936,664924.370,0.001,0.000,1295113.555,39941.850,0.039,0.001,86325.015,3362.659,0.580,0.024
claix23,tmp,16384,50,1,50000,117613.096,5375.036,0.426,0.020,40133667.796,513862.910,0.001,0.000,1253126.970,39744.699,0.040,0.001,84450.957,5714.324,0.595,0.047
claix23,tmp,65536,50,1,50000,116004.892,5660.822,0.432,0.022,39324164.066,511714.553,0.001,0.000,1142279.514,41961.420,0.044,0.002,85185.358,3176.263,0.588,0.023
claix23,tmp,262144,50,1,50000,112008.719,7812.683,0.449,0.034,38668413.279,1084971.463,0.001,0.000,592688.323,1351.806,0.084,0.000,81270.514,1922.497,0.616,0.015
claix23,tmp,1048576,50,1,50000,79278.610,8076.676,0.636,0.062,37804868.829,652885.352,0.001,0.000,148776.092,2436.705,0.336,0.006,22265.615,10895.186,2.760,1.297
claix23,tmp,50331648,96,1,96,1699.974,9.331,0.056,0.000,5395703.158,1886709.256,0.000,0.000,1618.355,6.041,0.059,0.000,3377.564,19.553,0.028,0.000
claix23,tmp,25165824,96,1,192,3370.011,36.544,0.057,0.001,8962664.735,4576414.606,0.000,0.001,3687.992,23.833,0.052,0.000,6681.699,108.897,0.029,0.000
claix23,tmp,10066329,96,1,480,8584.167,45.853,0.056,0.000,18357768.468,7360666.807,0.000,0.000,10105.459,50.822,0.048,0.000,16496.730,130.702,0.029,0.000
claix23,tmp,5033164,96,1,960,15547.632,4013.480,0.072,0.043,25859200.531,10141669.401,0.000,0.001,20641.746,1558.410,0.047,0.004,24068.581,4722.768,0.042,0.014
claix23,tmp,2396745,96,1,2016,35571.870,686.156,0.057,0.001,33735731.667,12572299.340,0.000,0.001,61547.620,4205.116,0.033,0.003,31145.260,474.023,0.065,0.001
claix23,tmp,1198372,96,1,4032,41105.085,3251.710,0.099,0.009,46741316.911,14446628.215,0.000,0.000,136855.957,1091.593,0.029,0.000,31219.351,1256.506,0.129,0.005
claix23,tmp,592137,96,1,8160,48439.669,1403.283,0.169,0.005,54695606.036,13768238.875,0.000,0.000,276706.048,8087.815,0.030,0.001,32946.219,406.015,0.248,0.003
claix23,tmp,296068,96,1,16320,48501.061,4122.264,0.339,0.036,53514430.350,22518710.372,0.001,0.002,553658.776,3627.375,0.029,0.000,31233.846,674.393,0.523,0.011
claix23,tmp,147600,96,1,32736,47898.707,4866.261,0.691,0.080,59946040.788,13575722.275,0.001,0.000,1058020.830,49547.357,0.031,0.002,31748.245,207.719,1.031,0.007
claix23,tmp,73800,96,1,65472,47042.726,3860.787,1.401,0.123,63792624.431,7228796.015,0.001,0.000,1671005.678,107784.263,0.039,0.003,30364.758,1142.939,2.159,0.088
claix23,tmp,36873,96,1,131040,48356.582,2360.147,2.716,0.142,66608113.478,5528545.553,0.002,0.000,2091312.463,11866.884,0.063,0.000,28465.572,4366.413,4.730,0.921
claix23,tmp,18436,96,1,262080,45159.641,4041.622,5.851,0.600,68909907.698,3943322.964,0.004,0.000,980790.756,161573.110,0.274,0.049,28543.490,3856.353,9.360,1.471
claix23,tmp,9216,96,1,524256,44643.960,3446.693,11.810,0.971,62339339.566,22712586.302,0.090,0.260,1152083.267,392616.841,0.529,0.253,27504.804,2567.999,19.205,1.722
